Season,Slot,StrongSeed,WeakSeed
1998,R1W1,W01,W16
1998,R1W2,W02,W15
1998,R1W3,W03,W14
1998,R1W4,W04,W13
1998,R1W5,W05,W12
1998,R1W6,W06,W11
1998,R1W7,W07,W10
1998,R1W8,W08,W09
1998,R1X1,X01,X16
1998,R1X2,X02,X15
1998,R1X3,X03,X14
1998,R1X4,X04,X13
1998,R1X5,X05,X12
1998,R1X6,X06,X11
1998,R1X7,X07,X10
1998,R1X8,X08,X09
1998,R1Y1,Y01,Y16
1998,R1Y2,Y02,Y15
1998,R1Y3,Y03,Y14
1998,R1Y4,Y04,Y13
1998,R1Y5,Y05,Y12
1998,R1Y6,Y06,Y11
1998,R1Y7,Y07,Y10
1998,R1Y8,Y08,Y09
1998,R1Z1,Z01,Z16
1998,R1Z2,Z02,Z15
1998,R1Z3,Z03,Z14
1998,R1Z4,Z04,Z13
1998,R1Z5,Z05,Z12
1998,R1Z6,Z06,Z11
1998,R1Z7,Z07,Z10
1998,R1Z8,Z08,Z09
1998,R2W1,R1W1,R1W8
1998,R2W2,R1W2,R1W7
1998,R2W3,R1W3,R1W6
1998,R2W4,R1W4,R1W5
1998,R2X1,R1X1,R1X8
1998,R2X2,R1X2,R1X7
1998,R2X3,R1X3,R1X6
1998,R2X4,R1X4,R1X5
1998,R2Y1,R1Y1,R1Y8
1998,R2Y2,R1Y2,R1Y7
1998,R2Y3,R1Y3,R1Y6
1998,R2Y4,R1Y4,R1Y5
1998,R2Z1,R1Z1,R1Z8
1998,R2Z2,R1Z2,R1Z7
1998,R2Z3,R1Z3,R1Z6
1998,R2Z4,R1Z4,R1Z5
1998,R3W1,R2W1,R2W4
1998,R3W2,R2W2,R2W3
1998,R3X1,R2X1,R2X4
1998,R3X2,R2X2,R2X3
1998,R3Y1,R2Y1,R2Y4
1998,R3Y2,R2Y2,R2Y3
1998,R3Z1,R2Z1,R2Z4
1998,R3Z2,R2Z2,R2Z3
1998,R4W1,R3W1,R3W2
1998,R4X1,R3X1,R3X2
1998,R4Y1,R3Y1,R3Y2
1998,R4Z1,R3Z1,R3Z2
1998,R5WX,R4W1,R4X1
1998,R5YZ,R4Y1,R4Z1
1998,R6CH,R5WX,R5YZ
1999,R1W1,W01,W16
1999,R1W2,W02,W15
1999,R1W3,W03,W14
1999,R1W4,W04,W13
1999,R1W5,W05,W12
1999,R1W6,W06,W11
1999,R1W7,W07,W10
1999,R1W8,W08,W09
1999,R1X1,X01,X16
1999,R1X2,X02,X15
1999,R1X3,X03,X14
1999,R1X4,X04,X13
1999,R1X5,X05,X12
1999,R1X6,X06,X11
1999,R1X7,X07,X10
1999,R1X8,X08,X09
1999,R1Y1,Y01,Y16
1999,R1Y2,Y02,Y15
1999,R1Y3,Y03,Y14
1999,R1Y4,Y04,Y13
1999,R1Y5,Y05,Y12
1999,R1Y6,Y06,Y11
1999,R1Y7,Y07,Y10
1999,R1Y8,Y08,Y09
1999,R1Z1,Z01,Z16
1999,R1Z2,Z02,Z15
1999,R1Z3,Z03,Z14
1999,R1Z4,Z04,Z13
1999,R1Z5,Z05,Z12
1999,R1Z6,Z06,Z11
1999,R1Z7,Z07,Z10
1999,R1Z8,Z08,Z09
1999,R2W1,R1W1,R1W8
1999,R2W2,R1W2,R1W7
1999,R2W3,R1W3,R1W6
1999,R2W4,R1W4,R1W5
1999,R2X1,R1X1,R1X8
1999,R2X2,R1X2,R1X7
1999,R2X3,R1X3,R1X6
1999,R2X4,R1X4,R1X5
1999,R2Y1,R1Y1,R1Y8
1999,R2Y2,R1Y2,R1Y7
1999,R2Y3,R1Y3,R1Y6
1999,R2Y4,R1Y4,R1Y5
1999,R2Z1,R1Z1,R1Z8
1999,R2Z2,R1Z2,R1Z7
1999,R2Z3,R1Z3,R1Z6
1999,R2Z4,R1Z4,R1Z5
1999,R3W1,R2W1,R2W4
1999,R3W2,R2W2,R2W3
1999,R3X1,R2X1,R2X4
1999,R3X2,R2X2,R2X3
1999,R3Y1,R2Y1,R2Y4
1999,R3Y2,R2Y2,R2Y3
1999,R3Z1,R2Z1,R2Z4
1999,R3Z2,R2Z2,R2Z3
1999,R4W1,R3W1,R3W2
1999,R4X1,R3X1,R3X2
1999,R4Y1,R3Y1,R3Y2
1999,R4Z1,R3Z1,R3Z2
1999,R5WX,R4W1,R4X1
1999,R5YZ,R4Y1,R4Z1
1999,R6CH,R5WX,R5YZ
2000,R1W1,W01,W16
2000,R1W2,W02,W15
2000,R1W3,W03,W14
2000,R1W4,W04,W13
2000,R1W5,W05,W12
2000,R1W6,W06,W11
2000,R1W7,W07,W10
2000,R1W8,W08,W09
2000,R1X1,X01,X16
2000,R1X2,X02,X15
2000,R1X3,X03,X14
2000,R1X4,X04,X13
2000,R1X5,X05,X12
2000,R1X6,X06,X11
2000,R1X7,X07,X10
2000,R1X8,X08,X09
2000,R1Y1,Y01,Y16
2000,R1Y2,Y02,Y15
2000,R1Y3,Y03,Y14
2000,R1Y4,Y04,Y13
2000,R1Y5,Y05,Y12
2000,R1Y6,Y06,Y11
2000,R1Y7,Y07,Y10
2000,R1Y8,Y08,Y09
2000,R1Z1,Z01,Z16
2000,R1Z2,Z02,Z15
2000,R1Z3,Z03,Z14
2000,R1Z4,Z04,Z13
2000,R1Z5,Z05,Z12
2000,R1Z6,Z06,Z11
2000,R1Z7,Z07,Z10
2000,R1Z8,Z08,Z09
2000,R2W1,R1W1,R1W8
2000,R2W2,R1W2,R1W7
2000,R2W3,R1W3,R1W6
2000,R2W4,R1W4,R1W5
2000,R2X1,R1X1,R1X8
2000,R2X2,R1X2,R1X7
2000,R2X3,R1X3,R1X6
2000,R2X4,R1X4,R1X5
2000,R2Y1,R1Y1,R1Y8
2000,R2Y2,R1Y2,R1Y7
2000,R2Y3,R1Y3,R1Y6
2000,R2Y4,R1Y4,R1Y5
2000,R2Z1,R1Z1,R1Z8
2000,R2Z2,R1Z2,R1Z7
2000,R2Z3,R1Z3,R1Z6
2000,R2Z4,R1Z4,R1Z5
2000,R3W1,R2W1,R2W4
2000,R3W2,R2W2,R2W3
2000,R3X1,R2X1,R2X4
2000,R3X2,R2X2,R2X3
2000,R3Y1,R2Y1,R2Y4
2000,R3Y2,R2Y2,R2Y3
2000,R3Z1,R2Z1,R2Z4
2000,R3Z2,R2Z2,R2Z3
2000,R4W1,R3W1,R3W2
2000,R4X1,R3X1,R3X2
2000,R4Y1,R3Y1,R3Y2
2000,R4Z1,R3Z1,R3Z2
2000,R5WX,R4W1,R4X1
2000,R5YZ,R4Y1,R4Z1
2000,R6CH,R5WX,R5YZ
2001,R1W1,W01,W16
2001,R1W2,W02,W15
2001,R1W3,W03,W14
2001,R1W4,W04,W13
2001,R1W5,W05,W12
2001,R1W6,W06,W11
2001,R1W7,W07,W10
2001,R1W8,W08,W09
2001,R1X1,X01,X16
2001,R1X2,X02,X15
2001,R1X3,X03,X14
2001,R1X4,X04,X13
2001,R1X5,X05,X12
2001,R1X6,X06,X11
2001,R1X7,X07,X10
2001,R1X8,X08,X09
2001,R1Y1,Y01,Y16
2001,R1Y2,Y02,Y15
2001,R1Y3,Y03,Y14
2001,R1Y4,Y04,Y13
2001,R1Y5,Y05,Y12
2001,R1Y6,Y06,Y11
2001,R1Y7,Y07,Y10
2001,R1Y8,Y08,Y09
2001,R1Z1,Z01,Z16
2001,R1Z2,Z02,Z15
2001,R1Z3,Z03,Z14
2001,R1Z4,Z04,Z13
2001,R1Z5,Z05,Z12
2001,R1Z6,Z06,Z11
2001,R1Z7,Z07,Z10
2001,R1Z8,Z08,Z09
2001,R2W1,R1W1,R1W8
2001,R2W2,R1W2,R1W7
2001,R2W3,R1W3,R1W6
2001,R2W4,R1W4,R1W5
2001,R2X1,R1X1,R1X8
2001,R2X2,R1X2,R1X7
2001,R2X3,R1X3,R1X6
2001,R2X4,R1X4,R1X5
2001,R2Y1,R1Y1,R1Y8
2001,R2Y2,R1Y2,R1Y7
2001,R2Y3,R1Y3,R1Y6
2001,R2Y4,R1Y4,R1Y5
2001,R2Z1,R1Z1,R1Z8
2001,R2Z2,R1Z2,R1Z7
2001,R2Z3,R1Z3,R1Z6
2001,R2Z4,R1Z4,R1Z5
2001,R3W1,R2W1,R2W4
2001,R3W2,R2W2,R2W3
2001,R3X1,R2X1,R2X4
2001,R3X2,R2X2,R2X3
2001,R3Y1,R2Y1,R2Y4
2001,R3Y2,R2Y2,R2Y3
2001,R3Z1,R2Z1,R2Z4
2001,R3Z2,R2Z2,R2Z3
2001,R4W1,R3W1,R3W2
2001,R4X1,R3X1,R3X2
2001,R4Y1,R3Y1,R3Y2
2001,R4Z1,R3Z1,R3Z2
2001,R5WX,R4W1,R4X1
2001,R5YZ,R4Y1,R4Z1
2001,R6CH,R5WX,R5YZ
2002,R1W1,W01,W16
2002,R1W2,W02,W15
2002,R1W3,W03,W14
2002,R1W4,W04,W13
2002,R1W5,W05,W12
2002,R1W6,W06,W11
2002,R1W7,W07,W10
2002,R1W8,W08,W09
2002,R1X1,X01,X16
2002,R1X2,X02,X15
2002,R1X3,X03,X14
2002,R1X4,X04,X13
2002,R1X5,X05,X12
2002,R1X6,X06,X11
2002,R1X7,X07,X10
2002,R1X8,X08,X09
2002,R1Y1,Y01,Y16
2002,R1Y2,Y02,Y15
2002,R1Y3,Y03,Y14
2002,R1Y4,Y04,Y13
2002,R1Y5,Y05,Y12
2002,R1Y6,Y06,Y11
2002,R1Y7,Y07,Y10
2002,R1Y8,Y08,Y09
2002,R1Z1,Z01,Z16
2002,R1Z2,Z02,Z15
2002,R1Z3,Z03,Z14
2002,R1Z4,Z04,Z13
2002,R1Z5,Z05,Z12
2002,R1Z6,Z06,Z11
2002,R1Z7,Z07,Z10
2002,R1Z8,Z08,Z09
2002,R2W1,R1W1,R1W8
2002,R2W2,R1W2,R1W7
2002,R2W3,R1W3,R1W6
2002,R2W4,R1W4,R1W5
2002,R2X1,R1X1,R1X8
2002,R2X2,R1X2,R1X7
2002,R2X3,R1X3,R1X6
2002,R2X4,R1X4,R1X5
2002,R2Y1,R1Y1,R1Y8
2002,R2Y2,R1Y2,R1Y7
2002,R2Y3,R1Y3,R1Y6
2002,R2Y4,R1Y4,R1Y5
2002,R2Z1,R1Z1,R1Z8
2002,R2Z2,R1Z2,R1Z7
2002,R2Z3,R1Z3,R1Z6
2002,R2Z4,R1Z4,R1Z5
2002,R3W1,R2W1,R2W4
2002,R3W2,R2W2,R2W3
2002,R3X1,R2X1,R2X4
2002,R3X2,R2X2,R2X3
2002,R3Y1,R2Y1,R2Y4
2002,R3Y2,R2Y2,R2Y3
2002,R3Z1,R2Z1,R2Z4
2002,R3Z2,R2Z2,R2Z3
2002,R4W1,R3W1,R3W2
2002,R4X1,R3X1,R3X2
2002,R4Y1,R3Y1,R3Y2
2002,R4Z1,R3Z1,R3Z2
2002,R5WX,R4W1,R4X1
2002,R5YZ,R4Y1,R4Z1
2002,R6CH,R5WX,R5YZ
2003,R1W1,W01,W16
2003,R1W2,W02,W15
2003,R1W3,W03,W14
2003,R1W4,W04,W13
2003,R1W5,W05,W12
2003,R1W6,W06,W11
2003,R1W7,W07,W10
2003,R1W8,W08,W09
2003,R1X1,X01,X16
2003,R1X2,X02,X15
2003,R1X3,X03,X14
2003,R1X4,X04,X13
2003,R1X5,X05,X12
2003,R1X6,X06,X11
2003,R1X7,X07,X10
2003,R1X8,X08,X09
2003,R1Y1,Y01,Y16
2003,R1Y2,Y02,Y15
2003,R1Y3,Y03,Y14
2003,R1Y4,Y04,Y13
2003,R1Y5,Y05,Y12
2003,R1Y6,Y06,Y11
2003,R1Y7,Y07,Y10
2003,R1Y8,Y08,Y09
2003,R1Z1,Z01,Z16
2003,R1Z2,Z02,Z15
2003,R1Z3,Z03,Z14
2003,R1Z4,Z04,Z13
2003,R1Z5,Z05,Z12
2003,R1Z6,Z06,Z11
2003,R1Z7,Z07,Z10
2003,R1Z8,Z08,Z09
2003,R2W1,R1W1,R1W8
2003,R2W2,R1W2,R1W7
2003,R2W3,R1W3,R1W6
2003,R2W4,R1W4,R1W5
2003,R2X1,R1X1,R1X8
2003,R2X2,R1X2,R1X7
2003,R2X3,R1X3,R1X6
2003,R2X4,R1X4,R1X5
2003,R2Y1,R1Y1,R1Y8
2003,R2Y2,R1Y2,R1Y7
2003,R2Y3,R1Y3,R1Y6
2003,R2Y4,R1Y4,R1Y5
2003,R2Z1,R1Z1,R1Z8
2003,R2Z2,R1Z2,R1Z7
2003,R2Z3,R1Z3,R1Z6
2003,R2Z4,R1Z4,R1Z5
2003,R3W1,R2W1,R2W4
2003,R3W2,R2W2,R2W3
2003,R3X1,R2X1,R2X4
2003,R3X2,R2X2,R2X3
2003,R3Y1,R2Y1,R2Y4
2003,R3Y2,R2Y2,R2Y3
2003,R3Z1,R2Z1,R2Z4
2003,R3Z2,R2Z2,R2Z3
2003,R4W1,R3W1,R3W2
2003,R4X1,R3X1,R3X2
2003,R4Y1,R3Y1,R3Y2
2003,R4Z1,R3Z1,R3Z2
2003,R5WX,R4W1,R4X1
2003,R5YZ,R4Y1,R4Z1
2003,R6CH,R5WX,R5YZ
2004,R1W1,W01,W16
2004,R1W2,W02,W15
2004,R1W3,W03,W14
2004,R1W4,W04,W13
2004,R1W5,W05,W12
2004,R1W6,W06,W11
2004,R1W7,W07,W10
2004,R1W8,W08,W09
2004,R1X1,X01,X16
2004,R1X2,X02,X15
2004,R1X3,X03,X14
2004,R1X4,X04,X13
2004,R1X5,X05,X12
2004,R1X6,X06,X11
2004,R1X7,X07,X10
2004,R1X8,X08,X09
2004,R1Y1,Y01,Y16
2004,R1Y2,Y02,Y15
2004,R1Y3,Y03,Y14
2004,R1Y4,Y04,Y13
2004,R1Y5,Y05,Y12
2004,R1Y6,Y06,Y11
2004,R1Y7,Y07,Y10
2004,R1Y8,Y08,Y09
2004,R1Z1,Z01,Z16
2004,R1Z2,Z02,Z15
2004,R1Z3,Z03,Z14
2004,R1Z4,Z04,Z13
2004,R1Z5,Z05,Z12
2004,R1Z6,Z06,Z11
2004,R1Z7,Z07,Z10
2004,R1Z8,Z08,Z09
2004,R2W1,R1W1,R1W8
2004,R2W2,R1W2,R1W7
2004,R2W3,R1W3,R1W6
2004,R2W4,R1W4,R1W5
2004,R2X1,R1X1,R1X8
2004,R2X2,R1X2,R1X7
2004,R2X3,R1X3,R1X6
2004,R2X4,R1X4,R1X5
2004,R2Y1,R1Y1,R1Y8
2004,R2Y2,R1Y2,R1Y7
2004,R2Y3,R1Y3,R1Y6
2004,R2Y4,R1Y4,R1Y5
2004,R2Z1,R1Z1,R1Z8
2004,R2Z2,R1Z2,R1Z7
2004,R2Z3,R1Z3,R1Z6
2004,R2Z4,R1Z4,R1Z5
2004,R3W1,R2W1,R2W4
2004,R3W2,R2W2,R2W3
2004,R3X1,R2X1,R2X4
2004,R3X2,R2X2,R2X3
2004,R3Y1,R2Y1,R2Y4
2004,R3Y2,R2Y2,R2Y3
2004,R3Z1,R2Z1,R2Z4
2004,R3Z2,R2Z2,R2Z3
2004,R4W1,R3W1,R3W2
2004,R4X1,R3X1,R3X2
2004,R4Y1,R3Y1,R3Y2
2004,R4Z1,R3Z1,R3Z2
2004,R5WX,R4W1,R4X1
2004,R5YZ,R4Y1,R4Z1
2004,R6CH,R5WX,R5YZ
2005,R1W1,W01,W16
2005,R1W2,W02,W15
2005,R1W3,W03,W14
2005,R1W4,W04,W13
2005,R1W5,W05,W12
2005,R1W6,W06,W11
2005,R1W7,W07,W10
2005,R1W8,W08,W09
2005,R1X1,X01,X16
2005,R1X2,X02,X15
2005,R1X3,X03,X14
2005,R1X4,X04,X13
2005,R1X5,X05,X12
2005,R1X6,X06,X11
2005,R1X7,X07,X10
2005,R1X8,X08,X09
2005,R1Y1,Y01,Y16
2005,R1Y2,Y02,Y15
2005,R1Y3,Y03,Y14
2005,R1Y4,Y04,Y13
2005,R1Y5,Y05,Y12
2005,R1Y6,Y06,Y11
2005,R1Y7,Y07,Y10
2005,R1Y8,Y08,Y09
2005,R1Z1,Z01,Z16
2005,R1Z2,Z02,Z15
2005,R1Z3,Z03,Z14
2005,R1Z4,Z04,Z13
2005,R1Z5,Z05,Z12
2005,R1Z6,Z06,Z11
2005,R1Z7,Z07,Z10
2005,R1Z8,Z08,Z09
2005,R2W1,R1W1,R1W8
2005,R2W2,R1W2,R1W7
2005,R2W3,R1W3,R1W6
2005,R2W4,R1W4,R1W5
2005,R2X1,R1X1,R1X8
2005,R2X2,R1X2,R1X7
2005,R2X3,R1X3,R1X6
2005,R2X4,R1X4,R1X5
2005,R2Y1,R1Y1,R1Y8
2005,R2Y2,R1Y2,R1Y7
2005,R2Y3,R1Y3,R1Y6
2005,R2Y4,R1Y4,R1Y5
2005,R2Z1,R1Z1,R1Z8
2005,R2Z2,R1Z2,R1Z7
2005,R2Z3,R1Z3,R1Z6
2005,R2Z4,R1Z4,R1Z5
2005,R3W1,R2W1,R2W4
2005,R3W2,R2W2,R2W3
2005,R3X1,R2X1,R2X4
2005,R3X2,R2X2,R2X3
2005,R3Y1,R2Y1,R2Y4
2005,R3Y2,R2Y2,R2Y3
2005,R3Z1,R2Z1,R2Z4
2005,R3Z2,R2Z2,R2Z3
2005,R4W1,R3W1,R3W2
2005,R4X1,R3X1,R3X2
2005,R4Y1,R3Y1,R3Y2
2005,R4Z1,R3Z1,R3Z2
2005,R5WX,R4W1,R4X1
2005,R5YZ,R4Y1,R4Z1
2005,R6CH,R5WX,R5YZ
2006,R1W1,W01,W16
2006,R1W2,W02,W15
2006,R1W3,W03,W14
2006,R1W4,W04,W13
2006,R1W5,W05,W12
2006,R1W6,W06,W11
2006,R1W7,W07,W10
2006,R1W8,W08,W09
2006,R1X1,X01,X16
2006,R1X2,X02,X15
2006,R1X3,X03,X14
2006,R1X4,X04,X13
2006,R1X5,X05,X12
2006,R1X6,X06,X11
2006,R1X7,X07,X10
2006,R1X8,X08,X09
2006,R1Y1,Y01,Y16
2006,R1Y2,Y02,Y15
2006,R1Y3,Y03,Y14
2006,R1Y4,Y04,Y13
2006,R1Y5,Y05,Y12
2006,R1Y6,Y06,Y11
2006,R1Y7,Y07,Y10
2006,R1Y8,Y08,Y09
2006,R1Z1,Z01,Z16
2006,R1Z2,Z02,Z15
2006,R1Z3,Z03,Z14
2006,R1Z4,Z04,Z13
2006,R1Z5,Z05,Z12
2006,R1Z6,Z06,Z11
2006,R1Z7,Z07,Z10
2006,R1Z8,Z08,Z09
2006,R2W1,R1W1,R1W8
2006,R2W2,R1W2,R1W7
2006,R2W3,R1W3,R1W6
2006,R2W4,R1W4,R1W5
2006,R2X1,R1X1,R1X8
2006,R2X2,R1X2,R1X7
2006,R2X3,R1X3,R1X6
2006,R2X4,R1X4,R1X5
2006,R2Y1,R1Y1,R1Y8
2006,R2Y2,R1Y2,R1Y7
2006,R2Y3,R1Y3,R1Y6
2006,R2Y4,R1Y4,R1Y5
2006,R2Z1,R1Z1,R1Z8
2006,R2Z2,R1Z2,R1Z7
2006,R2Z3,R1Z3,R1Z6
2006,R2Z4,R1Z4,R1Z5
2006,R3W1,R2W1,R2W4
2006,R3W2,R2W2,R2W3
2006,R3X1,R2X1,R2X4
2006,R3X2,R2X2,R2X3
2006,R3Y1,R2Y1,R2Y4
2006,R3Y2,R2Y2,R2Y3
2006,R3Z1,R2Z1,R2Z4
2006,R3Z2,R2Z2,R2Z3
2006,R4W1,R3W1,R3W2
2006,R4X1,R3X1,R3X2
2006,R4Y1,R3Y1,R3Y2
2006,R4Z1,R3Z1,R3Z2
2006,R5WX,R4W1,R4X1
2006,R5YZ,R4Y1,R4Z1
2006,R6CH,R5WX,R5YZ
2007,R1W1,W01,W16
2007,R1W2,W02,W15
2007,R1W3,W03,W14
2007,R1W4,W04,W13
2007,R1W5,W05,W12
2007,R1W6,W06,W11
2007,R1W7,W07,W10
2007,R1W8,W08,W09
2007,R1X1,X01,X16
2007,R1X2,X02,X15
2007,R1X3,X03,X14
2007,R1X4,X04,X13
2007,R1X5,X05,X12
2007,R1X6,X06,X11
2007,R1X7,X07,X10
2007,R1X8,X08,X09
2007,R1Y1,Y01,Y16
2007,R1Y2,Y02,Y15
2007,R1Y3,Y03,Y14
2007,R1Y4,Y04,Y13
2007,R1Y5,Y05,Y12
2007,R1Y6,Y06,Y11
2007,R1Y7,Y07,Y10
2007,R1Y8,Y08,Y09
2007,R1Z1,Z01,Z16
2007,R1Z2,Z02,Z15
2007,R1Z3,Z03,Z14
2007,R1Z4,Z04,Z13
2007,R1Z5,Z05,Z12
2007,R1Z6,Z06,Z11
2007,R1Z7,Z07,Z10
2007,R1Z8,Z08,Z09
2007,R2W1,R1W1,R1W8
2007,R2W2,R1W2,R1W7
2007,R2W3,R1W3,R1W6
2007,R2W4,R1W4,R1W5
2007,R2X1,R1X1,R1X8
2007,R2X2,R1X2,R1X7
2007,R2X3,R1X3,R1X6
2007,R2X4,R1X4,R1X5
2007,R2Y1,R1Y1,R1Y8
2007,R2Y2,R1Y2,R1Y7
2007,R2Y3,R1Y3,R1Y6
2007,R2Y4,R1Y4,R1Y5
2007,R2Z1,R1Z1,R1Z8
2007,R2Z2,R1Z2,R1Z7
2007,R2Z3,R1Z3,R1Z6
2007,R2Z4,R1Z4,R1Z5
2007,R3W1,R2W1,R2W4
2007,R3W2,R2W2,R2W3
2007,R3X1,R2X1,R2X4
2007,R3X2,R2X2,R2X3
2007,R3Y1,R2Y1,R2Y4
2007,R3Y2,R2Y2,R2Y3
2007,R3Z1,R2Z1,R2Z4
2007,R3Z2,R2Z2,R2Z3
2007,R4W1,R3W1,R3W2
2007,R4X1,R3X1,R3X2
2007,R4Y1,R3Y1,R3Y2
2007,R4Z1,R3Z1,R3Z2
2007,R5WX,R4W1,R4X1
2007,R5YZ,R4Y1,R4Z1
2007,R6CH,R5WX,R5YZ
2008,R1W1,W01,W16
2008,R1W2,W02,W15
2008,R1W3,W03,W14
2008,R1W4,W04,W13
2008,R1W5,W05,W12
2008,R1W6,W06,W11
2008,R1W7,W07,W10
2008,R1W8,W08,W09
2008,R1X1,X01,X16
2008,R1X2,X02,X15
2008,R1X3,X03,X14
2008,R1X4,X04,X13
2008,R1X5,X05,X12
2008,R1X6,X06,X11
2008,R1X7,X07,X10
2008,R1X8,X08,X09
2008,R1Y1,Y01,Y16
2008,R1Y2,Y02,Y15
2008,R1Y3,Y03,Y14
2008,R1Y4,Y04,Y13
2008,R1Y5,Y05,Y12
2008,R1Y6,Y06,Y11
2008,R1Y7,Y07,Y10
2008,R1Y8,Y08,Y09
2008,R1Z1,Z01,Z16
2008,R1Z2,Z02,Z15
2008,R1Z3,Z03,Z14
2008,R1Z4,Z04,Z13
2008,R1Z5,Z05,Z12
2008,R1Z6,Z06,Z11
2008,R1Z7,Z07,Z10
2008,R1Z8,Z08,Z09
2008,R2W1,R1W1,R1W8
2008,R2W2,R1W2,R1W7
2008,R2W3,R1W3,R1W6
2008,R2W4,R1W4,R1W5
2008,R2X1,R1X1,R1X8
2008,R2X2,R1X2,R1X7
2008,R2X3,R1X3,R1X6
2008,R2X4,R1X4,R1X5
2008,R2Y1,R1Y1,R1Y8
2008,R2Y2,R1Y2,R1Y7
2008,R2Y3,R1Y3,R1Y6
2008,R2Y4,R1Y4,R1Y5
2008,R2Z1,R1Z1,R1Z8
2008,R2Z2,R1Z2,R1Z7
2008,R2Z3,R1Z3,R1Z6
2008,R2Z4,R1Z4,R1Z5
2008,R3W1,R2W1,R2W4
2008,R3W2,R2W2,R2W3
2008,R3X1,R2X1,R2X4
2008,R3X2,R2X2,R2X3
2008,R3Y1,R2Y1,R2Y4
2008,R3Y2,R2Y2,R2Y3
2008,R3Z1,R2Z1,R2Z4
2008,R3Z2,R2Z2,R2Z3
2008,R4W1,R3W1,R3W2
2008,R4X1,R3X1,R3X2
2008,R4Y1,R3Y1,R3Y2
2008,R4Z1,R3Z1,R3Z2
2008,R5WX,R4W1,R4X1
2008,R5YZ,R4Y1,R4Z1
2008,R6CH,R5WX,R5YZ
2009,R1W1,W01,W16
2009,R1W2,W02,W15
2009,R1W3,W03,W14
2009,R1W4,W04,W13
2009,R1W5,W05,W12
2009,R1W6,W06,W11
2009,R1W7,W07,W10
2009,R1W8,W08,W09
2009,R1X1,X01,X16
2009,R1X2,X02,X15
2009,R1X3,X03,X14
2009,R1X4,X04,X13
2009,R1X5,X05,X12
2009,R1X6,X06,X11
2009,R1X7,X07,X10
2009,R1X8,X08,X09
2009,R1Y1,Y01,Y16
2009,R1Y2,Y02,Y15
2009,R1Y3,Y03,Y14
2009,R1Y4,Y04,Y13
2009,R1Y5,Y05,Y12
2009,R1Y6,Y06,Y11
2009,R1Y7,Y07,Y10
2009,R1Y8,Y08,Y09
2009,R1Z1,Z01,Z16
2009,R1Z2,Z02,Z15
2009,R1Z3,Z03,Z14
2009,R1Z4,Z04,Z13
2009,R1Z5,Z05,Z12
2009,R1Z6,Z06,Z11
2009,R1Z7,Z07,Z10
2009,R1Z8,Z08,Z09
2009,R2W1,R1W1,R1W8
2009,R2W2,R1W2,R1W7
2009,R2W3,R1W3,R1W6
2009,R2W4,R1W4,R1W5
2009,R2X1,R1X1,R1X8
2009,R2X2,R1X2,R1X7
2009,R2X3,R1X3,R1X6
2009,R2X4,R1X4,R1X5
2009,R2Y1,R1Y1,R1Y8
2009,R2Y2,R1Y2,R1Y7
2009,R2Y3,R1Y3,R1Y6
2009,R2Y4,R1Y4,R1Y5
2009,R2Z1,R1Z1,R1Z8
2009,R2Z2,R1Z2,R1Z7
2009,R2Z3,R1Z3,R1Z6
2009,R2Z4,R1Z4,R1Z5
2009,R3W1,R2W1,R2W4
2009,R3W2,R2W2,R2W3
2009,R3X1,R2X1,R2X4
2009,R3X2,R2X2,R2X3
2009,R3Y1,R2Y1,R2Y4
2009,R3Y2,R2Y2,R2Y3
2009,R3Z1,R2Z1,R2Z4
2009,R3Z2,R2Z2,R2Z3
2009,R4W1,R3W1,R3W2
2009,R4X1,R3X1,R3X2
2009,R4Y1,R3Y1,R3Y2
2009,R4Z1,R3Z1,R3Z2
2009,R5WX,R4W1,R4X1
2009,R5YZ,R4Y1,R4Z1
2009,R6CH,R5WX,R5YZ
2010,R1W1,W01,W16
2010,R1W2,W02,W15
2010,R1W3,W03,W14
2010,R1W4,W04,W13
2010,R1W5,W05,W12
2010,R1W6,W06,W11
2010,R1W7,W07,W10
2010,R1W8,W08,W09
2010,R1X1,X01,X16
2010,R1X2,X02,X15
2010,R1X3,X03,X14
2010,R1X4,X04,X13
2010,R1X5,X05,X12
2010,R1X6,X06,X11
2010,R1X7,X07,X10
2010,R1X8,X08,X09
2010,R1Y1,Y01,Y16
2010,R1Y2,Y02,Y15
2010,R1Y3,Y03,Y14
2010,R1Y4,Y04,Y13
2010,R1Y5,Y05,Y12
2010,R1Y6,Y06,Y11
2010,R1Y7,Y07,Y10
2010,R1Y8,Y08,Y09
2010,R1Z1,Z01,Z16
2010,R1Z2,Z02,Z15
2010,R1Z3,Z03,Z14
2010,R1Z4,Z04,Z13
2010,R1Z5,Z05,Z12
2010,R1Z6,Z06,Z11
2010,R1Z7,Z07,Z10
2010,R1Z8,Z08,Z09
2010,R2W1,R1W1,R1W8
2010,R2W2,R1W2,R1W7
2010,R2W3,R1W3,R1W6
2010,R2W4,R1W4,R1W5
2010,R2X1,R1X1,R1X8
2010,R2X2,R1X2,R1X7
2010,R2X3,R1X3,R1X6
2010,R2X4,R1X4,R1X5
2010,R2Y1,R1Y1,R1Y8
2010,R2Y2,R1Y2,R1Y7
2010,R2Y3,R1Y3,R1Y6
2010,R2Y4,R1Y4,R1Y5
2010,R2Z1,R1Z1,R1Z8
2010,R2Z2,R1Z2,R1Z7
2010,R2Z3,R1Z3,R1Z6
2010,R2Z4,R1Z4,R1Z5
2010,R3W1,R2W1,R2W4
2010,R3W2,R2W2,R2W3
2010,R3X1,R2X1,R2X4
2010,R3X2,R2X2,R2X3
2010,R3Y1,R2Y1,R2Y4
2010,R3Y2,R2Y2,R2Y3
2010,R3Z1,R2Z1,R2Z4
2010,R3Z2,R2Z2,R2Z3
2010,R4W1,R3W1,R3W2
2010,R4X1,R3X1,R3X2
2010,R4Y1,R3Y1,R3Y2
2010,R4Z1,R3Z1,R3Z2
2010,R5WX,R4W1,R4X1
2010,R5YZ,R4Y1,R4Z1
2010,R6CH,R5WX,R5YZ
2011,R1W1,W01,W16
2011,R1W2,W02,W15
2011,R1W3,W03,W14
2011,R1W4,W04,W13
2011,R1W5,W05,W12
2011,R1W6,W06,W11
2011,R1W7,W07,W10
2011,R1W8,W08,W09
2011,R1X1,X01,X16
2011,R1X2,X02,X15
2011,R1X3,X03,X14
2011,R1X4,X04,X13
2011,R1X5,X05,X12
2011,R1X6,X06,X11
2011,R1X7,X07,X10
2011,R1X8,X08,X09
2011,R1Y1,Y01,Y16
2011,R1Y2,Y02,Y15
2011,R1Y3,Y03,Y14
2011,R1Y4,Y04,Y13
2011,R1Y5,Y05,Y12
2011,R1Y6,Y06,Y11
2011,R1Y7,Y07,Y10
2011,R1Y8,Y08,Y09
2011,R1Z1,Z01,Z16
2011,R1Z2,Z02,Z15
2011,R1Z3,Z03,Z14
2011,R1Z4,Z04,Z13
2011,R1Z5,Z05,Z12
2011,R1Z6,Z06,Z11
2011,R1Z7,Z07,Z10
2011,R1Z8,Z08,Z09
2011,R2W1,R1W1,R1W8
2011,R2W2,R1W2,R1W7
2011,R2W3,R1W3,R1W6
2011,R2W4,R1W4,R1W5
2011,R2X1,R1X1,R1X8
2011,R2X2,R1X2,R1X7
2011,R2X3,R1X3,R1X6
2011,R2X4,R1X4,R1X5
2011,R2Y1,R1Y1,R1Y8
2011,R2Y2,R1Y2,R1Y7
2011,R2Y3,R1Y3,R1Y6
2011,R2Y4,R1Y4,R1Y5
2011,R2Z1,R1Z1,R1Z8
2011,R2Z2,R1Z2,R1Z7
2011,R2Z3,R1Z3,R1Z6
2011,R2Z4,R1Z4,R1Z5
2011,R3W1,R2W1,R2W4
2011,R3W2,R2W2,R2W3
2011,R3X1,R2X1,R2X4
2011,R3X2,R2X2,R2X3
2011,R3Y1,R2Y1,R2Y4
2011,R3Y2,R2Y2,R2Y3
2011,R3Z1,R2Z1,R2Z4
2011,R3Z2,R2Z2,R2Z3
2011,R4W1,R3W1,R3W2
2011,R4X1,R3X1,R3X2
2011,R4Y1,R3Y1,R3Y2
2011,R4Z1,R3Z1,R3Z2
2011,R5WX,R4W1,R4X1
2011,R5YZ,R4Y1,R4Z1
2011,R6CH,R5WX,R5YZ
2012,R1W1,W01,W16
2012,R1W2,W02,W15
2012,R1W3,W03,W14
2012,R1W4,W04,W13
2012,R1W5,W05,W12
2012,R1W6,W06,W11
2012,R1W7,W07,W10
2012,R1W8,W08,W09
2012,R1X1,X01,X16
2012,R1X2,X02,X15
2012,R1X3,X03,X14
2012,R1X4,X04,X13
2012,R1X5,X05,X12
2012,R1X6,X06,X11
2012,R1X7,X07,X10
2012,R1X8,X08,X09
2012,R1Y1,Y01,Y16
2012,R1Y2,Y02,Y15
2012,R1Y3,Y03,Y14
2012,R1Y4,Y04,Y13
2012,R1Y5,Y05,Y12
2012,R1Y6,Y06,Y11
2012,R1Y7,Y07,Y10
2012,R1Y8,Y08,Y09
2012,R1Z1,Z01,Z16
2012,R1Z2,Z02,Z15
2012,R1Z3,Z03,Z14
2012,R1Z4,Z04,Z13
2012,R1Z5,Z05,Z12
2012,R1Z6,Z06,Z11
2012,R1Z7,Z07,Z10
2012,R1Z8,Z08,Z09
2012,R2W1,R1W1,R1W8
2012,R2W2,R1W2,R1W7
2012,R2W3,R1W3,R1W6
2012,R2W4,R1W4,R1W5
2012,R2X1,R1X1,R1X8
2012,R2X2,R1X2,R1X7
2012,R2X3,R1X3,R1X6
2012,R2X4,R1X4,R1X5
2012,R2Y1,R1Y1,R1Y8
2012,R2Y2,R1Y2,R1Y7
2012,R2Y3,R1Y3,R1Y6
2012,R2Y4,R1Y4,R1Y5
2012,R2Z1,R1Z1,R1Z8
2012,R2Z2,R1Z2,R1Z7
2012,R2Z3,R1Z3,R1Z6
2012,R2Z4,R1Z4,R1Z5
2012,R3W1,R2W1,R2W4
2012,R3W2,R2W2,R2W3
2012,R3X1,R2X1,R2X4
2012,R3X2,R2X2,R2X3
2012,R3Y1,R2Y1,R2Y4
2012,R3Y2,R2Y2,R2Y3
2012,R3Z1,R2Z1,R2Z4
2012,R3Z2,R2Z2,R2Z3
2012,R4W1,R3W1,R3W2
2012,R4X1,R3X1,R3X2
2012,R4Y1,R3Y1,R3Y2
2012,R4Z1,R3Z1,R3Z2
2012,R5WX,R4W1,R4X1
2012,R5YZ,R4Y1,R4Z1
2012,R6CH,R5WX,R5YZ
2013,R1W1,W01,W16
2013,R1W2,W02,W15
2013,R1W3,W03,W14
2013,R1W4,W04,W13
2013,R1W5,W05,W12
2013,R1W6,W06,W11
2013,R1W7,W07,W10
2013,R1W8,W08,W09
2013,R1X1,X01,X16
2013,R1X2,X02,X15
2013,R1X3,X03,X14
2013,R1X4,X04,X13
2013,R1X5,X05,X12
2013,R1X6,X06,X11
2013,R1X7,X07,X10
2013,R1X8,X08,X09
2013,R1Y1,Y01,Y16
2013,R1Y2,Y02,Y15
2013,R1Y3,Y03,Y14
2013,R1Y4,Y04,Y13
2013,R1Y5,Y05,Y12
2013,R1Y6,Y06,Y11
2013,R1Y7,Y07,Y10
2013,R1Y8,Y08,Y09
2013,R1Z1,Z01,Z16
2013,R1Z2,Z02,Z15
2013,R1Z3,Z03,Z14
2013,R1Z4,Z04,Z13
2013,R1Z5,Z05,Z12
2013,R1Z6,Z06,Z11
2013,R1Z7,Z07,Z10
2013,R1Z8,Z08,Z09
2013,R2W1,R1W1,R1W8
2013,R2W2,R1W2,R1W7
2013,R2W3,R1W3,R1W6
2013,R2W4,R1W4,R1W5
2013,R2X1,R1X1,R1X8
2013,R2X2,R1X2,R1X7
2013,R2X3,R1X3,R1X6
2013,R2X4,R1X4,R1X5
2013,R2Y1,R1Y1,R1Y8
2013,R2Y2,R1Y2,R1Y7
2013,R2Y3,R1Y3,R1Y6
2013,R2Y4,R1Y4,R1Y5
2013,R2Z1,R1Z1,R1Z8
2013,R2Z2,R1Z2,R1Z7
2013,R2Z3,R1Z3,R1Z6
2013,R2Z4,R1Z4,R1Z5
2013,R3W1,R2W1,R2W4
2013,R3W2,R2W2,R2W3
2013,R3X1,R2X1,R2X4
2013,R3X2,R2X2,R2X3
2013,R3Y1,R2Y1,R2Y4
2013,R3Y2,R2Y2,R2Y3
2013,R3Z1,R2Z1,R2Z4
2013,R3Z2,R2Z2,R2Z3
2013,R4W1,R3W1,R3W2
2013,R4X1,R3X1,R3X2
2013,R4Y1,R3Y1,R3Y2
2013,R4Z1,R3Z1,R3Z2
2013,R5WX,R4W1,R4X1
2013,R5YZ,R4Y1,R4Z1
2013,R6CH,R5WX,R5YZ
2014,R1W1,W01,W16
2014,R1W2,W02,W15
2014,R1W3,W03,W14
2014,R1W4,W04,W13
2014,R1W5,W05,W12
2014,R1W6,W06,W11
2014,R1W7,W07,W10
2014,R1W8,W08,W09
2014,R1X1,X01,X16
2014,R1X2,X02,X15
2014,R1X3,X03,X14
2014,R1X4,X04,X13
2014,R1X5,X05,X12
2014,R1X6,X06,X11
2014,R1X7,X07,X10
2014,R1X8,X08,X09
2014,R1Y1,Y01,Y16
2014,R1Y2,Y02,Y15
2014,R1Y3,Y03,Y14
2014,R1Y4,Y04,Y13
2014,R1Y5,Y05,Y12
2014,R1Y6,Y06,Y11
2014,R1Y7,Y07,Y10
2014,R1Y8,Y08,Y09
2014,R1Z1,Z01,Z16
2014,R1Z2,Z02,Z15
2014,R1Z3,Z03,Z14
2014,R1Z4,Z04,Z13
2014,R1Z5,Z05,Z12
2014,R1Z6,Z06,Z11
2014,R1Z7,Z07,Z10
2014,R1Z8,Z08,Z09
2014,R2W1,R1W1,R1W8
2014,R2W2,R1W2,R1W7
2014,R2W3,R1W3,R1W6
2014,R2W4,R1W4,R1W5
2014,R2X1,R1X1,R1X8
2014,R2X2,R1X2,R1X7
2014,R2X3,R1X3,R1X6
2014,R2X4,R1X4,R1X5
2014,R2Y1,R1Y1,R1Y8
2014,R2Y2,R1Y2,R1Y7
2014,R2Y3,R1Y3,R1Y6
2014,R2Y4,R1Y4,R1Y5
2014,R2Z1,R1Z1,R1Z8
2014,R2Z2,R1Z2,R1Z7
2014,R2Z3,R1Z3,R1Z6
2014,R2Z4,R1Z4,R1Z5
2014,R3W1,R2W1,R2W4
2014,R3W2,R2W2,R2W3
2014,R3X1,R2X1,R2X4
2014,R3X2,R2X2,R2X3
2014,R3Y1,R2Y1,R2Y4
2014,R3Y2,R2Y2,R2Y3
2014,R3Z1,R2Z1,R2Z4
2014,R3Z2,R2Z2,R2Z3
2014,R4W1,R3W1,R3W2
2014,R4X1,R3X1,R3X2
2014,R4Y1,R3Y1,R3Y2
2014,R4Z1,R3Z1,R3Z2
2014,R5WX,R4W1,R4X1
2014,R5YZ,R4Y1,R4Z1
2014,R6CH,R5WX,R5YZ
2015,R1W1,W01,W16
2015,R1W2,W02,W15
2015,R1W3,W03,W14
2015,R1W4,W04,W13
2015,R1W5,W05,W12
2015,R1W6,W06,W11
2015,R1W7,W07,W10
2015,R1W8,W08,W09
2015,R1X1,X01,X16
2015,R1X2,X02,X15
2015,R1X3,X03,X14
2015,R1X4,X04,X13
2015,R1X5,X05,X12
2015,R1X6,X06,X11
2015,R1X7,X07,X10
2015,R1X8,X08,X09
2015,R1Y1,Y01,Y16
2015,R1Y2,Y02,Y15
2015,R1Y3,Y03,Y14
2015,R1Y4,Y04,Y13
2015,R1Y5,Y05,Y12
2015,R1Y6,Y06,Y11
2015,R1Y7,Y07,Y10
2015,R1Y8,Y08,Y09
2015,R1Z1,Z01,Z16
2015,R1Z2,Z02,Z15
2015,R1Z3,Z03,Z14
2015,R1Z4,Z04,Z13
2015,R1Z5,Z05,Z12
2015,R1Z6,Z06,Z11
2015,R1Z7,Z07,Z10
2015,R1Z8,Z08,Z09
2015,R2W1,R1W1,R1W8
2015,R2W2,R1W2,R1W7
2015,R2W3,R1W3,R1W6
2015,R2W4,R1W4,R1W5
2015,R2X1,R1X1,R1X8
2015,R2X2,R1X2,R1X7
2015,R2X3,R1X3,R1X6
2015,R2X4,R1X4,R1X5
2015,R2Y1,R1Y1,R1Y8
2015,R2Y2,R1Y2,R1Y7
2015,R2Y3,R1Y3,R1Y6
2015,R2Y4,R1Y4,R1Y5
2015,R2Z1,R1Z1,R1Z8
2015,R2Z2,R1Z2,R1Z7
2015,R2Z3,R1Z3,R1Z6
2015,R2Z4,R1Z4,R1Z5
2015,R3W1,R2W1,R2W4
2015,R3W2,R2W2,R2W3
2015,R3X1,R2X1,R2X4
2015,R3X2,R2X2,R2X3
2015,R3Y1,R2Y1,R2Y4
2015,R3Y2,R2Y2,R2Y3
2015,R3Z1,R2Z1,R2Z4
2015,R3Z2,R2Z2,R2Z3
2015,R4W1,R3W1,R3W2
2015,R4X1,R3X1,R3X2
2015,R4Y1,R3Y1,R3Y2
2015,R4Z1,R3Z1,R3Z2
2015,R5WX,R4W1,R4X1
2015,R5YZ,R4Y1,R4Z1
2015,R6CH,R5WX,R5YZ
2016,R1W1,W01,W16
2016,R1W2,W02,W15
2016,R1W3,W03,W14
2016,R1W4,W04,W13
2016,R1W5,W05,W12
2016,R1W6,W06,W11
2016,R1W7,W07,W10
2016,R1W8,W08,W09
2016,R1X1,X01,X16
2016,R1X2,X02,X15
2016,R1X3,X03,X14
2016,R1X4,X04,X13
2016,R1X5,X05,X12
2016,R1X6,X06,X11
2016,R1X7,X07,X10
2016,R1X8,X08,X09
2016,R1Y1,Y01,Y16
2016,R1Y2,Y02,Y15
2016,R1Y3,Y03,Y14
2016,R1Y4,Y04,Y13
2016,R1Y5,Y05,Y12
2016,R1Y6,Y06,Y11
2016,R1Y7,Y07,Y10
2016,R1Y8,Y08,Y09
2016,R1Z1,Z01,Z16
2016,R1Z2,Z02,Z15
2016,R1Z3,Z03,Z14
2016,R1Z4,Z04,Z13
2016,R1Z5,Z05,Z12
2016,R1Z6,Z06,Z11
2016,R1Z7,Z07,Z10
2016,R1Z8,Z08,Z09
2016,R2W1,R1W1,R1W8
2016,R2W2,R1W2,R1W7
2016,R2W3,R1W3,R1W6
2016,R2W4,R1W4,R1W5
2016,R2X1,R1X1,R1X8
2016,R2X2,R1X2,R1X7
2016,R2X3,R1X3,R1X6
2016,R2X4,R1X4,R1X5
2016,R2Y1,R1Y1,R1Y8
2016,R2Y2,R1Y2,R1Y7
2016,R2Y3,R1Y3,R1Y6
2016,R2Y4,R1Y4,R1Y5
2016,R2Z1,R1Z1,R1Z8
2016,R2Z2,R1Z2,R1Z7
2016,R2Z3,R1Z3,R1Z6
2016,R2Z4,R1Z4,R1Z5
2016,R3W1,R2W1,R2W4
2016,R3W2,R2W2,R2W3
2016,R3X1,R2X1,R2X4
2016,R3X2,R2X2,R2X3
2016,R3Y1,R2Y1,R2Y4
2016,R3Y2,R2Y2,R2Y3
2016,R3Z1,R2Z1,R2Z4
2016,R3Z2,R2Z2,R2Z3
2016,R4W1,R3W1,R3W2
2016,R4X1,R3X1,R3X2
2016,R4Y1,R3Y1,R3Y2
2016,R4Z1,R3Z1,R3Z2
2016,R5WX,R4W1,R4X1
2016,R5YZ,R4Y1,R4Z1
2016,R6CH,R5WX,R5YZ
2017,R1W1,W01,W16
2017,R1W2,W02,W15
2017,R1W3,W03,W14
2017,R1W4,W04,W13
2017,R1W5,W05,W12
2017,R1W6,W06,W11
2017,R1W7,W07,W10
2017,R1W8,W08,W09
2017,R1X1,X01,X16
2017,R1X2,X02,X15
2017,R1X3,X03,X14
2017,R1X4,X04,X13
2017,R1X5,X05,X12
2017,R1X6,X06,X11
2017,R1X7,X07,X10
2017,R1X8,X08,X09
2017,R1Y1,Y01,Y16
2017,R1Y2,Y02,Y15
2017,R1Y3,Y03,Y14
2017,R1Y4,Y04,Y13
2017,R1Y5,Y05,Y12
2017,R1Y6,Y06,Y11
2017,R1Y7,Y07,Y10
2017,R1Y8,Y08,Y09
2017,R1Z1,Z01,Z16
2017,R1Z2,Z02,Z15
2017,R1Z3,Z03,Z14
2017,R1Z4,Z04,Z13
2017,R1Z5,Z05,Z12
2017,R1Z6,Z06,Z11
2017,R1Z7,Z07,Z10
2017,R1Z8,Z08,Z09
2017,R2W1,R1W1,R1W8
2017,R2W2,R1W2,R1W7
2017,R2W3,R1W3,R1W6
2017,R2W4,R1W4,R1W5
2017,R2X1,R1X1,R1X8
2017,R2X2,R1X2,R1X7
2017,R2X3,R1X3,R1X6
2017,R2X4,R1X4,R1X5
2017,R2Y1,R1Y1,R1Y8
2017,R2Y2,R1Y2,R1Y7
2017,R2Y3,R1Y3,R1Y6
2017,R2Y4,R1Y4,R1Y5
2017,R2Z1,R1Z1,R1Z8
2017,R2Z2,R1Z2,R1Z7
2017,R2Z3,R1Z3,R1Z6
2017,R2Z4,R1Z4,R1Z5
2017,R3W1,R2W1,R2W4
2017,R3W2,R2W2,R2W3
2017,R3X1,R2X1,R2X4
2017,R3X2,R2X2,R2X3
2017,R3Y1,R2Y1,R2Y4
2017,R3Y2,R2Y2,R2Y3
2017,R3Z1,R2Z1,R2Z4
2017,R3Z2,R2Z2,R2Z3
2017,R4W1,R3W1,R3W2
2017,R4X1,R3X1,R3X2
2017,R4Y1,R3Y1,R3Y2
2017,R4Z1,R3Z1,R3Z2
2017,R5WX,R4W1,R4X1
2017,R5YZ,R4Y1,R4Z1
2017,R6CH,R5WX,R5YZ
2018,R1W1,W01,W16
2018,R1W2,W02,W15
2018,R1W3,W03,W14
2018,R1W4,W04,W13
2018,R1W5,W05,W12
2018,R1W6,W06,W11
2018,R1W7,W07,W10
2018,R1W8,W08,W09
2018,R1X1,X01,X16
2018,R1X2,X02,X15
2018,R1X3,X03,X14
2018,R1X4,X04,X13
2018,R1X5,X05,X12
2018,R1X6,X06,X11
2018,R1X7,X07,X10
2018,R1X8,X08,X09
2018,R1Y1,Y01,Y16
2018,R1Y2,Y02,Y15
2018,R1Y3,Y03,Y14
2018,R1Y4,Y04,Y13
2018,R1Y5,Y05,Y12
2018,R1Y6,Y06,Y11
2018,R1Y7,Y07,Y10
2018,R1Y8,Y08,Y09
2018,R1Z1,Z01,Z16
2018,R1Z2,Z02,Z15
2018,R1Z3,Z03,Z14
2018,R1Z4,Z04,Z13
2018,R1Z5,Z05,Z12
2018,R1Z6,Z06,Z11
2018,R1Z7,Z07,Z10
2018,R1Z8,Z08,Z09
2018,R2W1,R1W1,R1W8
2018,R2W2,R1W2,R1W7
2018,R2W3,R1W3,R1W6
2018,R2W4,R1W4,R1W5
2018,R2X1,R1X1,R1X8
2018,R2X2,R1X2,R1X7
2018,R2X3,R1X3,R1X6
2018,R2X4,R1X4,R1X5
2018,R2Y1,R1Y1,R1Y8
2018,R2Y2,R1Y2,R1Y7
2018,R2Y3,R1Y3,R1Y6
2018,R2Y4,R1Y4,R1Y5
2018,R2Z1,R1Z1,R1Z8
2018,R2Z2,R1Z2,R1Z7
2018,R2Z3,R1Z3,R1Z6
2018,R2Z4,R1Z4,R1Z5
2018,R3W1,R2W1,R2W4
2018,R3W2,R2W2,R2W3
2018,R3X1,R2X1,R2X4
2018,R3X2,R2X2,R2X3
2018,R3Y1,R2Y1,R2Y4
2018,R3Y2,R2Y2,R2Y3
2018,R3Z1,R2Z1,R2Z4
2018,R3Z2,R2Z2,R2Z3
2018,R4W1,R3W1,R3W2
2018,R4X1,R3X1,R3X2
2018,R4Y1,R3Y1,R3Y2
2018,R4Z1,R3Z1,R3Z2
2018,R5WX,R4W1,R4X1
2018,R5YZ,R4Y1,R4Z1
2018,R6CH,R5WX,R5YZ
2019,R1W1,W01,W16
2019,R1W2,W02,W15
2019,R1W3,W03,W14
2019,R1W4,W04,W13
2019,R1W5,W05,W12
2019,R1W6,W06,W11
2019,R1W7,W07,W10
2019,R1W8,W08,W09
2019,R1X1,X01,X16
2019,R1X2,X02,X15
2019,R1X3,X03,X14
2019,R1X4,X04,X13
2019,R1X5,X05,X12
2019,R1X6,X06,X11
2019,R1X7,X07,X10
2019,R1X8,X08,X09
2019,R1Y1,Y01,Y16
2019,R1Y2,Y02,Y15
2019,R1Y3,Y03,Y14
2019,R1Y4,Y04,Y13
2019,R1Y5,Y05,Y12
2019,R1Y6,Y06,Y11
2019,R1Y7,Y07,Y10
2019,R1Y8,Y08,Y09
2019,R1Z1,Z01,Z16
2019,R1Z2,Z02,Z15
2019,R1Z3,Z03,Z14
2019,R1Z4,Z04,Z13
2019,R1Z5,Z05,Z12
2019,R1Z6,Z06,Z11
2019,R1Z7,Z07,Z10
2019,R1Z8,Z08,Z09
2019,R2W1,R1W1,R1W8
2019,R2W2,R1W2,R1W7
2019,R2W3,R1W3,R1W6
2019,R2W4,R1W4,R1W5
2019,R2X1,R1X1,R1X8
2019,R2X2,R1X2,R1X7
2019,R2X3,R1X3,R1X6
2019,R2X4,R1X4,R1X5
2019,R2Y1,R1Y1,R1Y8
2019,R2Y2,R1Y2,R1Y7
2019,R2Y3,R1Y3,R1Y6
2019,R2Y4,R1Y4,R1Y5
2019,R2Z1,R1Z1,R1Z8
2019,R2Z2,R1Z2,R1Z7
2019,R2Z3,R1Z3,R1Z6
2019,R2Z4,R1Z4,R1Z5
2019,R3W1,R2W1,R2W4
2019,R3W2,R2W2,R2W3
2019,R3X1,R2X1,R2X4
2019,R3X2,R2X2,R2X3
2019,R3Y1,R2Y1,R2Y4
2019,R3Y2,R2Y2,R2Y3
2019,R3Z1,R2Z1,R2Z4
2019,R3Z2,R2Z2,R2Z3
2019,R4W1,R3W1,R3W2
2019,R4X1,R3X1,R3X2
2019,R4Y1,R3Y1,R3Y2
2019,R4Z1,R3Z1,R3Z2
2019,R5WX,R4W1,R4X1
2019,R5YZ,R4Y1,R4Z1
2019,R6CH,R5WX,R5YZ
2020,R1W1,W01,W16
2020,R1W2,W02,W15
2020,R1W3,W03,W14
2020,R1W4,W04,W13
2020,R1W5,W05,W12
2020,R1W6,W06,W11
2020,R1W7,W07,W10
2020,R1W8,W08,W09
2020,R1X1,X01,X16
2020,R1X2,X02,X15
2020,R1X3,X03,X14
2020,R1X4,X04,X13
2020,R1X5,X05,X12
2020,R1X6,X06,X11
2020,R1X7,X07,X10
2020,R1X8,X08,X09
2020,R1Y1,Y01,Y16
2020,R1Y2,Y02,Y15
2020,R1Y3,Y03,Y14
2020,R1Y4,Y04,Y13
2020,R1Y5,Y05,Y12
2020,R1Y6,Y06,Y11
2020,R1Y7,Y07,Y10
2020,R1Y8,Y08,Y09
2020,R1Z1,Z01,Z16
2020,R1Z2,Z02,Z15
2020,R1Z3,Z03,Z14
2020,R1Z4,Z04,Z13
2020,R1Z5,Z05,Z12
2020,R1Z6,Z06,Z11
2020,R1Z7,Z07,Z10
2020,R1Z8,Z08,Z09
2020,R2W1,R1W1,R1W8
2020,R2W2,R1W2,R1W7
2020,R2W3,R1W3,R1W6
2020,R2W4,R1W4,R1W5
2020,R2X1,R1X1,R1X8
2020,R2X2,R1X2,R1X7
2020,R2X3,R1X3,R1X6
2020,R2X4,R1X4,R1X5
2020,R2Y1,R1Y1,R1Y8
2020,R2Y2,R1Y2,R1Y7
2020,R2Y3,R1Y3,R1Y6
2020,R2Y4,R1Y4,R1Y5
2020,R2Z1,R1Z1,R1Z8
2020,R2Z2,R1Z2,R1Z7
2020,R2Z3,R1Z3,R1Z6
2020,R2Z4,R1Z4,R1Z5
2020,R3W1,R2W1,R2W4
2020,R3W2,R2W2,R2W3
2020,R3X1,R2X1,R2X4
2020,R3X2,R2X2,R2X3
2020,R3Y1,R2Y1,R2Y4
2020,R3Y2,R2Y2,R2Y3
2020,R3Z1,R2Z1,R2Z4
2020,R3Z2,R2Z2,R2Z3
2020,R4W1,R3W1,R3W2
2020,R4X1,R3X1,R3X2
2020,R4Y1,R3Y1,R3Y2
2020,R4Z1,R3Z1,R3Z2
2020,R5WX,R4W1,R4X1
2020,R5YZ,R4Y1,R4Z1
2020,R6CH,R5WX,R5YZ
2021,R1W1,W01,W16
2021,R1W2,W02,W15
2021,R1W3,W03,W14
2021,R1W4,W04,W13
2021,R1W5,W05,W12
2021,R1W6,W06,W11
2021,R1W7,W07,W10
2021,R1W8,W08,W09
2021,R1X1,X01,X16
2021,R1X2,X02,X15
2021,R1X3,X03,X14
2021,R1X4,X04,X13
2021,R1X5,X05,X12
2021,R1X6,X06,X11
2021,R1X7,X07,X10
2021,R1X8,X08,X09
2021,R1Y1,Y01,Y16
2021,R1Y2,Y02,Y15
2021,R1Y3,Y03,Y14
2021,R1Y4,Y04,Y13
2021,R1Y5,Y05,Y12
2021,R1Y6,Y06,Y11
2021,R1Y7,Y07,Y10
2021,R1Y8,Y08,Y09
2021,R1Z1,Z01,Z16
2021,R1Z2,Z02,Z15
2021,R1Z3,Z03,Z14
2021,R1Z4,Z04,Z13
2021,R1Z5,Z05,Z12
2021,R1Z6,Z06,Z11
2021,R1Z7,Z07,Z10
2021,R1Z8,Z08,Z09
2021,R2W1,R1W1,R1W8
2021,R2W2,R1W2,R1W7
2021,R2W3,R1W3,R1W6
2021,R2W4,R1W4,R1W5
2021,R2X1,R1X1,R1X8
2021,R2X2,R1X2,R1X7
2021,R2X3,R1X3,R1X6
2021,R2X4,R1X4,R1X5
2021,R2Y1,R1Y1,R1Y8
2021,R2Y2,R1Y2,R1Y7
2021,R2Y3,R1Y3,R1Y6
2021,R2Y4,R1Y4,R1Y5
2021,R2Z1,R1Z1,R1Z8
2021,R2Z2,R1Z2,R1Z7
2021,R2Z3,R1Z3,R1Z6
2021,R2Z4,R1Z4,R1Z5
2021,R3W1,R2W1,R2W4
2021,R3W2,R2W2,R2W3
2021,R3X1,R2X1,R2X4
2021,R3X2,R2X2,R2X3
2021,R3Y1,R2Y1,R2Y4
2021,R3Y2,R2Y2,R2Y3
2021,R3Z1,R2Z1,R2Z4
2021,R3Z2,R2Z2,R2Z3
2021,R4W1,R3W1,R3W2
2021,R4X1,R3X1,R3X2
2021,R4Y1,R3Y1,R3Y2
2021,R4Z1,R3Z1,R3Z2
2021,R5WX,R4W1,R4X1
2021,R5YZ,R4Y1,R4Z1
2021,R6CH,R5WX,R5YZ
2022,R1W1,W01,W16
2022,R1W2,W02,W15
2022,R1W3,W03,W14
2022,R1W4,W04,W13
2022,R1W5,W05,W12
2022,R1W6,W06,W11
2022,R1W7,W07,W10
2022,R1W8,W08,W09
2022,R1X1,X01,X16
2022,R1X2,X02,X15
2022,R1X3,X03,X14
2022,R1X4,X04,X13
2022,R1X5,X05,X12
2022,R1X6,X06,X11
2022,R1X7,X07,X10
2022,R1X8,X08,X09
2022,R1Y1,Y01,Y16
2022,R1Y2,Y02,Y15
2022,R1Y3,Y03,Y14
2022,R1Y4,Y04,Y13
2022,R1Y5,Y05,Y12
2022,R1Y6,Y06,Y11
2022,R1Y7,Y07,Y10
2022,R1Y8,Y08,Y09
2022,R1Z1,Z01,Z16
2022,R1Z2,Z02,Z15
2022,R1Z3,Z03,Z14
2022,R1Z4,Z04,Z13
2022,R1Z5,Z05,Z12
2022,R1Z6,Z06,Z11
2022,R1Z7,Z07,Z10
2022,R1Z8,Z08,Z09
2022,R2W1,R1W1,R1W8
2022,R2W2,R1W2,R1W7
2022,R2W3,R1W3,R1W6
2022,R2W4,R1W4,R1W5
2022,R2X1,R1X1,R1X8
2022,R2X2,R1X2,R1X7
2022,R2X3,R1X3,R1X6
2022,R2X4,R1X4,R1X5
2022,R2Y1,R1Y1,R1Y8
2022,R2Y2,R1Y2,R1Y7
2022,R2Y3,R1Y3,R1Y6
2022,R2Y4,R1Y4,R1Y5
2022,R2Z1,R1Z1,R1Z8
2022,R2Z2,R1Z2,R1Z7
2022,R2Z3,R1Z3,R1Z6
2022,R2Z4,R1Z4,R1Z5
2022,R3W1,R2W1,R2W4
2022,R3W2,R2W2,R2W3
2022,R3X1,R2X1,R2X4
2022,R3X2,R2X2,R2X3
2022,R3Y1,R2Y1,R2Y4
2022,R3Y2,R2Y2,R2Y3
2022,R3Z1,R2Z1,R2Z4
2022,R3Z2,R2Z2,R2Z3
2022,R4W1,R3W1,R3W2
2022,R4X1,R3X1,R3X2
2022,R4Y1,R3Y1,R3Y2
2022,R4Z1,R3Z1,R3Z2
2022,R5WX,R4W1,R4X1
2022,R5YZ,R4Y1,R4Z1
2022,R6CH,R5WX,R5YZ
2022,W16,W16a,W16b
2022,X11,X11a,X11b
2022,Y11,Y11a,Y11b
2022,Y16,Y16a,Y16b
